{
    "round": 14,
    "noise_multiplier": 0.0,
    "accuracy": 67.84,
    "loss": 1.0192995337486268,
    "precision": 0.6789132530279031,
    "recall": 0.6784,
    "f1_score": 0.6770998807638685,
    "per_class_accuracy": {
        "plane": 70.9,
        "car": 77.3,
        "bird": 53.4,
        "cat": 49.2,
        "deer": 57.6,
        "dog": 59.4,
        "frog": 82.2,
        "horse": 68.0,
        "ship": 84.5,
        "truck": 75.9
    }
}