{
    "round": 15,
    "noise_multiplier": 0.0,
    "accuracy": 68.76,
    "loss": 0.9845523930549621,
    "precision": 0.6868802957319302,
    "recall": 0.6876,
    "f1_score": 0.6858819617176797,
    "per_class_accuracy": {
        "plane": 72.4,
        "car": 79.1,
        "bird": 53.1,
        "cat": 49.7,
        "deer": 59.3,
        "dog": 59.5,
        "frog": 82.5,
        "horse": 69.3,
        "ship": 84.2,
        "truck": 78.5
    }
}