{
    "round": 12,
    "noise_multiplier": 0.03,
    "accuracy": 55.2,
    "loss": 1.3193755973815917,
    "precision": 0.568379810881783,
    "recall": 0.5520000000000002,
    "f1_score": 0.5502816884454435,
    "per_class_accuracy": {
        "plane": 62.9,
        "car": 64.4,
        "bird": 58.9,
        "cat": 42.1,
        "deer": 30.6,
        "dog": 37.7,
        "frog": 56.2,
        "horse": 63.9,
        "ship": 74.3,
        "truck": 61.0
    }
}