{
    "round": 9,
    "noise_multiplier": 0.03,
    "accuracy": 49.06,
    "loss": 1.530828723526001,
    "precision": 0.539791444667501,
    "recall": 0.49060000000000004,
    "f1_score": 0.4778458299513805,
    "per_class_accuracy": {
        "plane": 65.1,
        "car": 61.8,
        "bird": 59.6,
        "cat": 10.8,
        "deer": 31.3,
        "dog": 59.9,
        "frog": 29.0,
        "horse": 56.9,
        "ship": 72.1,
        "truck": 44.1
    }
}