{
    "round": 3,
    "noise_multiplier": 0.03,
    "accuracy": 31.77,
    "loss": 2.0555927366256714,
    "precision": 0.4450948704836451,
    "recall": 0.3177,
    "f1_score": 0.3083315628879061,
    "per_class_accuracy": {
        "plane": 87.1,
        "car": 38.2,
        "bird": 16.8,
        "cat": 38.5,
        "deer": 30.2,
        "dog": 23.1,
        "frog": 10.5,
        "horse": 33.0,
        "ship": 19.2,
        "truck": 21.1
    }
}