{
    "round": 6,
    "noise_multiplier": 0.03,
    "accuracy": 46.72,
    "loss": 1.742286095237732,
    "precision": 0.5009694794344608,
    "recall": 0.46719999999999995,
    "f1_score": 0.45829749913079454,
    "per_class_accuracy": {
        "plane": 57.6,
        "car": 44.5,
        "bird": 52.4,
        "cat": 27.2,
        "deer": 28.1,
        "dog": 20.3,
        "frog": 43.3,
        "horse": 72.0,
        "ship": 63.0,
        "truck": 58.8
    }
}