{
    "round": 7,
    "noise_multiplier": 0.03,
    "accuracy": 46.58,
    "loss": 1.6763342824935914,
    "precision": 0.5158816293845052,
    "recall": 0.46580000000000005,
    "f1_score": 0.46095581635179855,
    "per_class_accuracy": {
        "plane": 67.3,
        "car": 52.0,
        "bird": 47.6,
        "cat": 20.6,
        "deer": 48.0,
        "dog": 24.1,
        "frog": 45.1,
        "horse": 56.0,
        "ship": 68.7,
        "truck": 36.4
    }
}