{
    "round": 6,
    "noise_multiplier": 0.01,
    "accuracy": 56.14,
    "loss": 1.7232766408920288,
    "precision": 0.5987297202214803,
    "recall": 0.5614,
    "f1_score": 0.5656769862592901,
    "per_class_accuracy": {
        "plane": 60.3,
        "car": 52.7,
        "bird": 54.1,
        "cat": 55.8,
        "deer": 45.3,
        "dog": 38.9,
        "frog": 56.7,
        "horse": 50.7,
        "ship": 78.7,
        "truck": 68.2
    }
}