{
    "round": 10,
    "noise_multiplier": 0.01,
    "accuracy": 63.19,
    "loss": 1.2807572427749634,
    "precision": 0.6468790774810216,
    "recall": 0.6319,
    "f1_score": 0.633906556873782,
    "per_class_accuracy": {
        "plane": 70.3,
        "car": 67.3,
        "bird": 58.8,
        "cat": 49.5,
        "deer": 47.7,
        "dog": 50.5,
        "frog": 72.2,
        "horse": 61.0,
        "ship": 82.3,
        "truck": 72.3
    }
}