{
    "round": 2,
    "noise_multiplier": 0.01,
    "accuracy": 37.08,
    "loss": 2.171748905944824,
    "precision": 0.550570095720856,
    "recall": 0.3708,
    "f1_score": 0.33938761796269384,
    "per_class_accuracy": {
        "plane": 20.9,
        "car": 53.7,
        "bird": 60.5,
        "cat": 61.6,
        "deer": 8.6,
        "dog": 4.6,
        "frog": 32.5,
        "horse": 10.0,
        "ship": 71.8,
        "truck": 46.6
    }
}