{
    "round": 7,
    "noise_multiplier": 0.01,
    "accuracy": 57.67,
    "loss": 1.6013280363082887,
    "precision": 0.6102322309945345,
    "recall": 0.5767,
    "f1_score": 0.5810781034444157,
    "per_class_accuracy": {
        "plane": 61.0,
        "car": 56.1,
        "bird": 60.0,
        "cat": 48.5,
        "deer": 45.8,
        "dog": 43.1,
        "frog": 62.2,
        "horse": 51.5,
        "ship": 81.2,
        "truck": 67.3
    }
}