{
    "round": 5,
    "noise_multiplier": 0.05,
    "accuracy": 26.88,
    "loss": 2.047993860244751,
    "precision": 0.3564059277063725,
    "recall": 0.26880000000000004,
    "f1_score": 0.23064510025345736,
    "per_class_accuracy": {
        "plane": 34.1,
        "car": 15.9,
        "bird": 8.2,
        "cat": 11.2,
        "deer": 65.2,
        "dog": 18.3,
        "frog": 16.8,
        "horse": 14.0,
        "ship": 82.0,
        "truck": 3.1
    }
}