{
    "round": 15,
    "noise_multiplier": 0.05,
    "accuracy": 42.33,
    "loss": 1.5980096138000488,
    "precision": 0.49000441839896974,
    "recall": 0.42329999999999995,
    "f1_score": 0.4262763021540653,
    "per_class_accuracy": {
        "plane": 64.1,
        "car": 37.8,
        "bird": 63.0,
        "cat": 28.9,
        "deer": 19.8,
        "dog": 25.5,
        "frog": 56.4,
        "horse": 34.7,
        "ship": 46.8,
        "truck": 46.3
    }
}