{
    "round": 9,
    "noise_multiplier": 0.05,
    "accuracy": 34.03,
    "loss": 1.8117007984161377,
    "precision": 0.42435091461666463,
    "recall": 0.3403,
    "f1_score": 0.3454918842241276,
    "per_class_accuracy": {
        "plane": 57.2,
        "car": 20.8,
        "bird": 49.2,
        "cat": 19.8,
        "deer": 23.3,
        "dog": 25.7,
        "frog": 38.0,
        "horse": 22.5,
        "ship": 54.4,
        "truck": 29.4
    }
}