{
    "round": 9,
    "train_loss": 0.08012249288055535,
    "val_loss": 1.4163406787404589,
    "accuracy": 71.06,
    "per_class_accuracy": {
        "class_0": 69.09620991253644,
        "class_1": 86.3,
        "class_2": 60.40554962646745,
        "class_3": 55.452674897119344,
        "class_4": 62.267839687194524,
        "class_5": 56.09756097560975,
        "class_6": 77.66798418972331,
        "class_7": 76.86350435624395,
        "class_8": 84.08871745419479,
        "class_9": 79.78303747534517
    }
}