{
    "round": 2,
    "train_loss": 0.9832548678901993,
    "val_loss": 0.9955668491163071,
    "accuracy": 65.18,
    "per_class_accuracy": {
        "class_0": 64.62585034013605,
        "class_1": 80.8,
        "class_2": 64.78121664887941,
        "class_3": 44.23868312757202,
        "class_4": 48.09384164222874,
        "class_5": 51.11346765641569,
        "class_6": 61.462450592885375,
        "class_7": 89.06098741529526,
        "class_8": 78.49566055930569,
        "class_9": 66.86390532544378
    }
}