{
    "round": 5,
    "train_loss": 0.479425486143154,
    "val_loss": 0.8789500389129493,
    "accuracy": 71.47,
    "per_class_accuracy": {
        "class_0": 83.77065111758989,
        "class_1": 79.7,
        "class_2": 56.35005336179296,
        "class_3": 45.267489711934154,
        "class_4": 63.63636363636363,
        "class_5": 58.21845174973489,
        "class_6": 82.11462450592886,
        "class_7": 76.47628267182962,
        "class_8": 81.29218900675023,
        "class_9": 84.41814595660749
    }
}