{
    "round": 7,
    "train_loss": 0.2006730209334568,
    "val_loss": 1.1679033697790402,
    "accuracy": 70.62,
    "per_class_accuracy": {
        "class_0": 73.66375121477162,
        "class_1": 78.0,
        "class_2": 66.59551760939168,
        "class_3": 50.41152263374486,
        "class_4": 63.929618768328446,
        "class_5": 53.870625662778366,
        "class_6": 84.0909090909091,
        "class_7": 67.18296224588578,
        "class_8": 89.39247830279653,
        "class_9": 76.52859960552269
    }
}