{
    "round": 4,
    "train_loss": 0.6357550768682246,
    "val_loss": 0.8429301191287436,
    "accuracy": 71.1,
    "per_class_accuracy": {
        "class_0": 64.62585034013605,
        "class_1": 80.0,
        "class_2": 57.84418356456777,
        "class_3": 60.288065843621396,
        "class_4": 66.27565982404693,
        "class_5": 58.11240721102863,
        "class_6": 75.19762845849803,
        "class_7": 78.12197483059052,
        "class_8": 84.76374156219865,
        "class_9": 83.23471400394477
    }
}