{
    "round": 1,
    "train_loss": 1.3792761341963216,
    "val_loss": 1.1604124975811905,
    "accuracy": 58.69,
    "per_class_accuracy": {
        "class_0": 51.797862001943635,
        "class_1": 68.0,
        "class_2": 35.2187833511206,
        "class_3": 39.40329218106996,
        "class_4": 62.07233626588465,
        "class_5": 35.418875927889715,
        "class_6": 73.12252964426878,
        "class_7": 58.08325266214908,
        "class_8": 77.53134040501446,
        "class_9": 81.85404339250493
    }
}