{
    "round": 6,
    "train_loss": 0.33316540434765857,
    "val_loss": 0.9427201074020118,
    "accuracy": 71.84,
    "per_class_accuracy": {
        "class_0": 71.91448007774538,
        "class_1": 74.6,
        "class_2": 60.298826040554964,
        "class_3": 54.4238683127572,
        "class_4": 74.87781036168133,
        "class_5": 53.12831389183457,
        "class_6": 82.70750988142292,
        "class_7": 72.31364956437561,
        "class_8": 88.04243008678881,
        "class_9": 82.84023668639053
    }
}