{
    "round": 8,
    "train_loss": 0.13065271084988575,
    "val_loss": 1.250527383035915,
    "accuracy": 70.73,
    "per_class_accuracy": {
        "class_0": 77.74538386783284,
        "class_1": 70.4,
        "class_2": 63.28708644610459,
        "class_3": 54.32098765432099,
        "class_4": 58.26001955034213,
        "class_5": 54.50689289501591,
        "class_6": 83.10276679841897,
        "class_7": 75.70183930300097,
        "class_8": 84.66730954676953,
        "class_9": 82.54437869822485
    }
}