{
    "round": 3,
    "train_loss": 0.7986109321579419,
    "val_loss": 0.8914299322541352,
    "accuracy": 68.98,
    "per_class_accuracy": {
        "class_0": 62.00194363459669,
        "class_1": 87.5,
        "class_2": 57.41728922091782,
        "class_3": 49.794238683127574,
        "class_4": 64.3206256109482,
        "class_5": 48.67444326617179,
        "class_6": 80.92885375494072,
        "class_7": 82.28460793804453,
        "class_8": 83.79942140790743,
        "class_9": 69.8224852071006
    }
}